-- Tabla: ROL


SET IDENTITY_INSERT dbo.Rol ON;  
GO  

insert into rol(idrol,nombre) values(1,'Sistemas');
insert into rol(idrol,nombre) values(2,'Administrador');
insert into rol(idrol,nombre) values(3,'Bibliotecario');
go

SET IDENTITY_INSERT dbo.Rol OFF;  
GO

select * from rol;
go


-- Tabla: EMPLEADO

SET IDENTITY_INSERT dbo.EMPLEADO ON;  
GO  

INSERT INTO EMPLEADO(IDEMPLEADO,APELLIDOS,NOMBRES,DNI,CORREO)
VALUES(1,'AGUIRRE ALVARADO','LUIS GUILLERMO','43568723','laguirre@gmail.com');
go

INSERT INTO EMPLEADO(IDEMPLEADO,APELLIDOS,NOMBRES,DNI,CORREO)
VALUES(2,'ALAYO OLIVO','BRAYAN BAGNER','09345678','balayo@gmail.com');
go

INSERT INTO EMPLEADO(IDEMPLEADO,APELLIDOS,NOMBRES,DNI,CORREO)
VALUES(3,'CHIROQUE SANDOVAL','VALERIA ANABEL','12436789','vchiroque@gmail.com');
go
 

INSERT INTO EMPLEADO(IDEMPLEADO,APELLIDOS,NOMBRES,DNI,CORREO)
VALUES(4,'ESPIRITU SILVESTRE','ALICIA DIRCEJA DE FATIMA','76892345','aespiritu@gmail.com');
go
 
INSERT INTO EMPLEADO(IDEMPLEADO,APELLIDOS,NOMBRES,DNI,CORREO)
VALUES(5,'MORALES PALACIOS','FRANCKLIN WILLIAMS','21763409','fmorales@gmail.com');
go

SET IDENTITY_INSERT dbo.EMPLEADO OFF;  
GO  

SELECT * FROM EMPLEADO;
GO


-- Tabla: USUARIO


INSERT INTO USUARIO(IDEMPLEADO,IDROL,USUARIO,CLAVE,ACTIVO) VALUES(1,2,'LAGUIRRE','SECRETO',0);
INSERT INTO USUARIO(IDEMPLEADO,IDROL,USUARIO,CLAVE,ACTIVO) VALUES(2,2,'BALAYO','GUARANA',1);
INSERT INTO USUARIO(IDEMPLEADO,IDROL,USUARIO,CLAVE,ACTIVO) VALUES(3,3,'VCHIROQUE','CHIFLE',1);
INSERT INTO USUARIO(IDEMPLEADO,IDROL,USUARIO,CLAVE,ACTIVO) VALUES(4,3,'AESPIRITU','ALICIA',1);
INSERT INTO USUARIO(IDEMPLEADO,IDROL,USUARIO,CLAVE,ACTIVO) VALUES(5,3,'FMORALES','FLECHA',1);
GO


SELECT * FROM USUARIO;
GO


