-- Tabla: ROL


SET IDENTITY_INSERT dbo.Rol ON;  
GO  

insert into rol(idrol,nombre) values(1,'Sistemas');
insert into rol(idrol,nombre) values(2,'Administrador');
insert into rol(idrol,nombre) values(3,'Bibliotecario');
go

SET IDENTITY_INSERT dbo.Rol OFF;  
GO

select * from rol;
go


-- Tabla: EMPLEADO

SET IDENTITY_INSERT dbo.EMPLEADO ON;  
GO  

INSERT INTO EMPLEADO(IDEMPLEADO,APELLIDOS,NOMBRES,DNI,CORREO)
VALUES(1,'AGUIRRE ALVARADO','LUIS GUILLERMO','43568723','laguirre@gmail.com');
go

INSERT INTO EMPLEADO(IDEMPLEADO,APELLIDOS,NOMBRES,DNI,CORREO)
VALUES(2,'ALAYO OLIVO','BRAYAN BAGNER','09345678','balayo@gmail.com');
go

INSERT INTO EMPLEADO(IDEMPLEADO,APELLIDOS,NOMBRES,DNI,CORREO)
VALUES(3,'CHIROQUE SANDOVAL','VALERIA ANABEL','12436789','vchiroque@gmail.com');
go
 

INSERT INTO EMPLEADO(IDEMPLEADO,APELLIDOS,NOMBRES,DNI,CORREO)
VALUES(4,'ESPIRITU SILVESTRE','ALICIA DIRCEJA DE FATIMA','76892345','aespiritu@gmail.com');
go
 
INSERT INTO EMPLEADO(IDEMPLEADO,APELLIDOS,NOMBRES,DNI,CORREO)
VALUES(5,'MORALES PALACIOS','FRANCKLIN WILLIAMS','21763409','fmorales@gmail.com');
go

SET IDENTITY_INSERT dbo.EMPLEADO OFF;  
GO  

SELECT * FROM EMPLEADO;
GO


-- Tabla: USUARIO


INSERT INTO USUARIO(IDEMPLEADO,IDROL,USUARIO,CLAVE,ACTIVO) VALUES(1,2,'LAGUIRRE','SECRETO',0);
INSERT INTO USUARIO(IDEMPLEADO,IDROL,USUARIO,CLAVE,ACTIVO) VALUES(2,2,'BALAYO','GUARANA',1);
INSERT INTO USUARIO(IDEMPLEADO,IDROL,USUARIO,CLAVE,ACTIVO) VALUES(3,3,'VCHIROQUE','CHIFLE',1);
INSERT INTO USUARIO(IDEMPLEADO,IDROL,USUARIO,CLAVE,ACTIVO) VALUES(4,3,'AESPIRITU','ALICIA',1);
INSERT INTO USUARIO(IDEMPLEADO,IDROL,USUARIO,CLAVE,ACTIVO) VALUES(5,3,'FMORALES','FLECHA',1);
GO


SELECT * FROM USUARIO;
GO


-- Tabla ESTADO

select * from dbo.estado;
go

insert into estado values
(1,'Prestado'),
(2,'Devolución normal'),
(3,'Devolución con multa');

select * from dbo.estado;
go


-- Tabla ESTUDIANTE

insert into dbo.estudiante(codigo,apellido,nombre) values
('20072170D','AGUIRRE ALVARADO','LUIS GUILLERMO'),
('20222188K','ALAYO OLIVO','BRAYAN BAGNER'),
('20220093B','ARIAS FLORES','JOSE ANTONIO'),
('20220624H','AYARQUISPE MAMANI','JOSE'),
('20220521D','BENITO CUYA','LEIDY VANESSA');

select * from dbo.estudiante;
go



INSERT INTO dbo.TEMA (NOMBRE) 
VALUES 
('Ficción'),
('No Ficción'),
('Ciencia');


INSERT INTO dbo.AUTOR (NOMBRE, APELLIDO) 
VALUES 
('Gabriel', 'García Márquez'),
('Isabel', 'Allende'),
('J.K.', 'Rowling');



INSERT INTO dbo.LIBRO (TITULO, IDTEMA, IDAUTOR) 
VALUES 
('Cien años de soledad', 1, 1),
('La casa de los espíritus', 1, 2),
('Harry Potter y la piedra filosofal', 1, 3);


INSERT INTO SITUACION(IDSITUACION,DESCRIPCION) 
VALUES
(1,'Disponible'),
(2,'Prestado');


INSERT INTO dbo.EJEMPLAR (CODIGO, EDICION, EDITORIAL, ANIO, IDLIBRO, IDSITUACION) 
VALUES 
('LIB001E01', 1, 'Editorial XYZ', 2000, 1, 1),
('LIB001E02', 1, 'Editorial XYZ', 2000, 1, 1),
('LIB001E03', 1, 'Editorial XYZ', 2000, 1, 1),
('LIB002E01', 1, 'Editorial ABC', 2005, 2, 2),
('LIB002E02', 1, 'Editorial ABC', 2005, 2, 1),
('LIB002E03', 1, 'Editorial ABC', 2005, 2, 1),
('LIB003E01', 1, 'Editorial DEF', 2010, 3, 1),
('LIB003E02', 1, 'Editorial DEF', 2010, 3, 1),
('LIB003E03', 1, 'Editorial DEF', 2010, 3, 1);


SELECT * FROM PRESTAMO;

INSERT INTO PRESTAMO(IDEJEMPLAR,IDESTUDIANTE,IDESTADO,FECHA_INICIO,FECHA_FIN)
VALUES(4,5,1,GETDATE(),GETDATE()+5);
GO


SP_HELP EJEMPLAR